fechaKey,fechaCompleta,dia,mes,diaN,trimestre,anio
0,1900-01-01,Mon,January,1,1, 1900
1,2016-01-01,Fri,January,1,1,2016
2,2016-01-02,Sat,January,2,1,2016
3,2016-01-03,Sun,January,3,1,2016
4,2016-01-04,Mon,January,4,1,2016
5,2016-01-05,Tue,January,5,1,2016
6,2016-01-06,Wed,January,6,1,2016
7,2016-01-07,Thu,January,7,1,2016
8,2016-01-08,Fri,January,8,1,2016
9,2016-01-09,Sat,January,9,1,2016
10,2016-01-10,Sun,January,10,1,2016
11,2016-01-11,Mon,January,11,1,2016
12,2016-01-12,Tue,January,12,1,2016
13,2016-01-13,Wed,January,13,1,2016
14,2016-01-14,Thu,January,14,1,2016
15,2016-01-15,Fri,January,15,1,2016
16,2016-01-16,Sat,January,16,1,2016
17,2016-01-17,Sun,January,17,1,2016
18,2016-01-18,Mon,January,18,1,2016
19,2016-01-19,Tue,January,19,1,2016
20,2016-01-20,Wed,January,20,1,2016
21,2016-01-21,Thu,January,21,1,2016
22,2016-01-22,Fri,January,22,1,2016
23,2016-01-23,Sat,January,23,1,2016
24,2016-01-24,Sun,January,24,1,2016
25,2016-01-25,Mon,January,25,1,2016
26,2016-01-26,Tue,January,26,1,2016
27,2016-01-27,Wed,January,27,1,2016
28,2016-01-28,Thu,January,28,1,2016
29,2016-01-29,Fri,January,29,1,2016
30,2016-01-30,Sat,January,30,1,2016
31,2016-01-31,Sun,January,31,1,2016
101,2016-02-01,Mon,February,1,1,2016
102,2016-02-02,Tue,February,2,1,2016
103,2016-02-03,Wed,February,3,1,2016
104,2016-02-04,Thu,February,4,1,2016
105,2016-02-05,Fri,February,5,1,2016
106,2016-02-06,Sat,February,6,1,2016
107,2016-02-07,Sun,February,7,1,2016
108,2016-02-08,Mon,February,8,1,2016
109,2016-02-09,Tue,February,9,1,2016
110,2016-02-10,Wed,February,10,1,2016
111,2016-02-11,Thu,February,11,1,2016
112,2016-02-12,Fri,February,12,1,2016
113,2016-02-13,Sat,February,13,1,2016
114,2016-02-14,Sun,February,14,1,2016
115,2016-02-15,Mon,February,15,1,2016
116,2016-02-16,Tue,February,16,1,2016
117,2016-02-17,Wed,February,17,1,2016
118,2016-02-18,Thu,February,18,1,2016
119,2016-02-19,Fri,February,19,1,2016
120,2016-02-20,Sat,February,20,1,2016
121,2016-02-21,Sun,February,21,1,2016
122,2016-02-22,Mon,February,22,1,2016
123,2016-02-23,Tue,February,23,1,2016
124,2016-02-24,Wed,February,24,1,2016
125,2016-02-25,Thu,February,25,1,2016
126,2016-02-26,Fri,February,26,1,2016
127,2016-02-27,Sat,February,27,1,2016
128,2016-02-28,Sun,February,28,1,2016
129,2016-02-29,Mon,February,29,1,2016
201,2016-03-01,Tue,March,1,1,2016
202,2016-03-02,Wed,March,2,1,2016
203,2016-03-03,Thu,March,3,1,2016
204,2016-03-04,Fri,March,4,1,2016
205,2016-03-05,Sat,March,5,1,2016
206,2016-03-06,Sun,March,6,1,2016
207,2016-03-07,Mon,March,7,1,2016
208,2016-03-08,Tue,March,8,1,2016
209,2016-03-09,Wed,March,9,1,2016
210,2016-03-10,Thu,March,10,1,2016
211,2016-03-11,Fri,March,11,1,2016
212,2016-03-12,Sat,March,12,1,2016
213,2016-03-13,Sun,March,13,1,2016
214,2016-03-14,Mon,March,14,1,2016
215,2016-03-15,Tue,March,15,1,2016
216,2016-03-16,Wed,March,16,1,2016
217,2016-03-17,Thu,March,17,1,2016
218,2016-03-18,Fri,March,18,1,2016
219,2016-03-19,Sat,March,19,1,2016
220,2016-03-20,Sun,March,20,1,2016
221,2016-03-21,Mon,March,21,1,2016
222,2016-03-22,Tue,March,22,1,2016
223,2016-03-23,Wed,March,23,1,2016
224,2016-03-24,Thu,March,24,1,2016
225,2016-03-25,Fri,March,25,1,2016
226,2016-03-26,Sat,March,26,1,2016
227,2016-03-27,Sun,March,27,1,2016
228,2016-03-28,Mon,March,28,1,2016
229,2016-03-29,Tue,March,29,1,2016
230,2016-03-30,Wed,March,30,1,2016
231,2016-03-31,Thu,March,31,1,2016
301,2016-04-01,Fri,April,1,2,2016
302,2016-04-02,Sat,April,2,2,2016
303,2016-04-03,Sun,April,3,2,2016
304,2016-04-04,Mon,April,4,2,2016
305,2016-04-05,Tue,April,5,2,2016
306,2016-04-06,Wed,April,6,2,2016
307,2016-04-07,Thu,April,7,2,2016
308,2016-04-08,Fri,April,8,2,2016
309,2016-04-09,Sat,April,9,2,2016
310,2016-04-10,Sun,April,10,2,2016
311,2016-04-11,Mon,April,11,2,2016
312,2016-04-12,Tue,April,12,2,2016
313,2016-04-13,Wed,April,13,2,2016
314,2016-04-14,Thu,April,14,2,2016
315,2016-04-15,Fri,April,15,2,2016
316,2016-04-16,Sat,April,16,2,2016
317,2016-04-17,Sun,April,17,2,2016
318,2016-04-18,Mon,April,18,2,2016
319,2016-04-19,Tue,April,19,2,2016
320,2016-04-20,Wed,April,20,2,2016
321,2016-04-21,Thu,April,21,2,2016
322,2016-04-22,Fri,April,22,2,2016
323,2016-04-23,Sat,April,23,2,2016
324,2016-04-24,Sun,April,24,2,2016
325,2016-04-25,Mon,April,25,2,2016
326,2016-04-26,Tue,April,26,2,2016
327,2016-04-27,Wed,April,27,2,2016
328,2016-04-28,Thu,April,28,2,2016
329,2016-04-29,Fri,April,29,2,2016
330,2016-04-30,Sat,April,30,2,2016
401,2016-05-01,Sun,May,1,2,2016
402,2016-05-02,Mon,May,2,2,2016
403,2016-05-03,Tue,May,3,2,2016
404,2016-05-04,Wed,May,4,2,2016
405,2016-05-05,Thu,May,5,2,2016
406,2016-05-06,Fri,May,6,2,2016
407,2016-05-07,Sat,May,7,2,2016
408,2016-05-08,Sun,May,8,2,2016
409,2016-05-09,Mon,May,9,2,2016
410,2016-05-10,Tue,May,10,2,2016
411,2016-05-11,Wed,May,11,2,2016
412,2016-05-12,Thu,May,12,2,2016
413,2016-05-13,Fri,May,13,2,2016
414,2016-05-14,Sat,May,14,2,2016
415,2016-05-15,Sun,May,15,2,2016
416,2016-05-16,Mon,May,16,2,2016
417,2016-05-17,Tue,May,17,2,2016
418,2016-05-18,Wed,May,18,2,2016
419,2016-05-19,Thu,May,19,2,2016
420,2016-05-20,Fri,May,20,2,2016
421,2016-05-21,Sat,May,21,2,2016
422,2016-05-22,Sun,May,22,2,2016
423,2016-05-23,Mon,May,23,2,2016
424,2016-05-24,Tue,May,24,2,2016
425,2016-05-25,Wed,May,25,2,2016
426,2016-05-26,Thu,May,26,2,2016
427,2016-05-27,Fri,May,27,2,2016
428,2016-05-28,Sat,May,28,2,2016
429,2016-05-29,Sun,May,29,2,2016
430,2016-05-30,Mon,May,30,2,2016
431,2016-05-31,Tue,May,31,2,2016
501,2016-06-01,Wed,June,1,2,2016
502,2016-06-02,Thu,June,2,2,2016
503,2016-06-03,Fri,June,3,2,2016
504,2016-06-04,Sat,June,4,2,2016
505,2016-06-05,Sun,June,5,2,2016
506,2016-06-06,Mon,June,6,2,2016
507,2016-06-07,Tue,June,7,2,2016
508,2016-06-08,Wed,June,8,2,2016
509,2016-06-09,Thu,June,9,2,2016
510,2016-06-10,Fri,June,10,2,2016
511,2016-06-11,Sat,June,11,2,2016
512,2016-06-12,Sun,June,12,2,2016
513,2016-06-13,Mon,June,13,2,2016
514,2016-06-14,Tue,June,14,2,2016
515,2016-06-15,Wed,June,15,2,2016
516,2016-06-16,Thu,June,16,2,2016
517,2016-06-17,Fri,June,17,2,2016
518,2016-06-18,Sat,June,18,2,2016
519,2016-06-19,Sun,June,19,2,2016
520,2016-06-20,Mon,June,20,2,2016
521,2016-06-21,Tue,June,21,2,2016
522,2016-06-22,Wed,June,22,2,2016
523,2016-06-23,Thu,June,23,2,2016
524,2016-06-24,Fri,June,24,2,2016
525,2016-06-25,Sat,June,25,2,2016
526,2016-06-26,Sun,June,26,2,2016
527,2016-06-27,Mon,June,27,2,2016
528,2016-06-28,Tue,June,28,2,2016
529,2016-06-29,Wed,June,29,2,2016
530,2016-06-30,Thu,June,30,2,2016
601,2016-07-01,Fri,July,1,3,2016
602,2016-07-02,Sat,July,2,3,2016
603,2016-07-03,Sun,July,3,3,2016
604,2016-07-04,Mon,July,4,3,2016
605,2016-07-05,Tue,July,5,3,2016
606,2016-07-06,Wed,July,6,3,2016
607,2016-07-07,Thu,July,7,3,2016
608,2016-07-08,Fri,July,8,3,2016
609,2016-07-09,Sat,July,9,3,2016
610,2016-07-10,Sun,July,10,3,2016
611,2016-07-11,Mon,July,11,3,2016
612,2016-07-12,Tue,July,12,3,2016
613,2016-07-13,Wed,July,13,3,2016
614,2016-07-14,Thu,July,14,3,2016
615,2016-07-15,Fri,July,15,3,2016
616,2016-07-16,Sat,July,16,3,2016
617,2016-07-17,Sun,July,17,3,2016
618,2016-07-18,Mon,July,18,3,2016
619,2016-07-19,Tue,July,19,3,2016
620,2016-07-20,Wed,July,20,3,2016
621,2016-07-21,Thu,July,21,3,2016
622,2016-07-22,Fri,July,22,3,2016
623,2016-07-23,Sat,July,23,3,2016
624,2016-07-24,Sun,July,24,3,2016
625,2016-07-25,Mon,July,25,3,2016
626,2016-07-26,Tue,July,26,3,2016
627,2016-07-27,Wed,July,27,3,2016
628,2016-07-28,Thu,July,28,3,2016
629,2016-07-29,Fri,July,29,3,2016
630,2016-07-30,Sat,July,30,3,2016
631,2016-07-31,Sun,July,31,3,2016
701,2016-08-01,Mon,August,1,3,2016
702,2016-08-02,Tue,August,2,3,2016
703,2016-08-03,Wed,August,3,3,2016
704,2016-08-04,Thu,August,4,3,2016
705,2016-08-05,Fri,August,5,3,2016
706,2016-08-06,Sat,August,6,3,2016
707,2016-08-07,Sun,August,7,3,2016
708,2016-08-08,Mon,August,8,3,2016
709,2016-08-09,Tue,August,9,3,2016
710,2016-08-10,Wed,August,10,3,2016
711,2016-08-11,Thu,August,11,3,2016
712,2016-08-12,Fri,August,12,3,2016
713,2016-08-13,Sat,August,13,3,2016
714,2016-08-14,Sun,August,14,3,2016
715,2016-08-15,Mon,August,15,3,2016
716,2016-08-16,Tue,August,16,3,2016
717,2016-08-17,Wed,August,17,3,2016
718,2016-08-18,Thu,August,18,3,2016
719,2016-08-19,Fri,August,19,3,2016
720,2016-08-20,Sat,August,20,3,2016
721,2016-08-21,Sun,August,21,3,2016
722,2016-08-22,Mon,August,22,3,2016
723,2016-08-23,Tue,August,23,3,2016
724,2016-08-24,Wed,August,24,3,2016
725,2016-08-25,Thu,August,25,3,2016
726,2016-08-26,Fri,August,26,3,2016
727,2016-08-27,Sat,August,27,3,2016
728,2016-08-28,Sun,August,28,3,2016
729,2016-08-29,Mon,August,29,3,2016
730,2016-08-30,Tue,August,30,3,2016
731,2016-08-31,Wed,August,31,3,2016
801,2016-09-01,Thu,September,1,3,2016
802,2016-09-02,Fri,September,2,3,2016
803,2016-09-03,Sat,September,3,3,2016
804,2016-09-04,Sun,September,4,3,2016
805,2016-09-05,Mon,September,5,3,2016
806,2016-09-06,Tue,September,6,3,2016
807,2016-09-07,Wed,September,7,3,2016
808,2016-09-08,Thu,September,8,3,2016
809,2016-09-09,Fri,September,9,3,2016
810,2016-09-10,Sat,September,10,3,2016
811,2016-09-11,Sun,September,11,3,2016
812,2016-09-12,Mon,September,12,3,2016
813,2016-09-13,Tue,September,13,3,2016
814,2016-09-14,Wed,September,14,3,2016
815,2016-09-15,Thu,September,15,3,2016
816,2016-09-16,Fri,September,16,3,2016
817,2016-09-17,Sat,September,17,3,2016
818,2016-09-18,Sun,September,18,3,2016
819,2016-09-19,Mon,September,19,3,2016
820,2016-09-20,Tue,September,20,3,2016
821,2016-09-21,Wed,September,21,3,2016
822,2016-09-22,Thu,September,22,3,2016
823,2016-09-23,Fri,September,23,3,2016
824,2016-09-24,Sat,September,24,3,2016
825,2016-09-25,Sun,September,25,3,2016
826,2016-09-26,Mon,September,26,3,2016
827,2016-09-27,Tue,September,27,3,2016
828,2016-09-28,Wed,September,28,3,2016
829,2016-09-29,Thu,September,29,3,2016
830,2016-09-30,Fri,September,30,3,2016
901,2016-10-01,Sat,October,1,4,2016
902,2016-10-02,Sun,October,2,4,2016
903,2016-10-03,Mon,October,3,4,2016
904,2016-10-04,Tue,October,4,4,2016
905,2016-10-05,Wed,October,5,4,2016
906,2016-10-06,Thu,October,6,4,2016
907,2016-10-07,Fri,October,7,4,2016
908,2016-10-08,Sat,October,8,4,2016
909,2016-10-09,Sun,October,9,4,2016
910,2016-10-10,Mon,October,10,4,2016
911,2016-10-11,Tue,October,11,4,2016
912,2016-10-12,Wed,October,12,4,2016
913,2016-10-13,Thu,October,13,4,2016
914,2016-10-14,Fri,October,14,4,2016
915,2016-10-15,Sat,October,15,4,2016
916,2016-10-16,Sun,October,16,4,2016
917,2016-10-17,Mon,October,17,4,2016
918,2016-10-18,Tue,October,18,4,2016
919,2016-10-19,Wed,October,19,4,2016
920,2016-10-20,Thu,October,20,4,2016
921,2016-10-21,Fri,October,21,4,2016
922,2016-10-22,Sat,October,22,4,2016
923,2016-10-23,Sun,October,23,4,2016
924,2016-10-24,Mon,October,24,4,2016
925,2016-10-25,Tue,October,25,4,2016
926,2016-10-26,Wed,October,26,4,2016
927,2016-10-27,Thu,October,27,4,2016
928,2016-10-28,Fri,October,28,4,2016
929,2016-10-29,Sat,October,29,4,2016
930,2016-10-30,Sun,October,30,4,2016
931,2016-10-31,Mon,October,31,4,2016
1001,2016-11-01,Tue,November,1,4,2016
1002,2016-11-02,Wed,November,2,4,2016
1003,2016-11-03,Thu,November,3,4,2016
1004,2016-11-04,Fri,November,4,4,2016
1005,2016-11-05,Sat,November,5,4,2016
1006,2016-11-06,Sun,November,6,4,2016
1007,2016-11-07,Mon,November,7,4,2016
1008,2016-11-08,Tue,November,8,4,2016
1009,2016-11-09,Wed,November,9,4,2016
1010,2016-11-10,Thu,November,10,4,2016
1011,2016-11-11,Fri,November,11,4,2016
1012,2016-11-12,Sat,November,12,4,2016
1013,2016-11-13,Sun,November,13,4,2016
1014,2016-11-14,Mon,November,14,4,2016
1015,2016-11-15,Tue,November,15,4,2016
1016,2016-11-16,Wed,November,16,4,2016
1017,2016-11-17,Thu,November,17,4,2016
1018,2016-11-18,Fri,November,18,4,2016
1019,2016-11-19,Sat,November,19,4,2016
1020,2016-11-20,Sun,November,20,4,2016
1021,2016-11-21,Mon,November,21,4,2016
1022,2016-11-22,Tue,November,22,4,2016
1023,2016-11-23,Wed,November,23,4,2016
1024,2016-11-24,Thu,November,24,4,2016
1025,2016-11-25,Fri,November,25,4,2016
1026,2016-11-26,Sat,November,26,4,2016
1027,2016-11-27,Sun,November,27,4,2016
1028,2016-11-28,Mon,November,28,4,2016
1029,2016-11-29,Tue,November,29,4,2016
1030,2016-11-30,Wed,November,30,4,2016
1101,2016-12-01,Thu,December,1,4,2016
1102,2016-12-02,Fri,December,2,4,2016
1103,2016-12-03,Sat,December,3,4,2016
1104,2016-12-04,Sun,December,4,4,2016
1105,2016-12-05,Mon,December,5,4,2016
1106,2016-12-06,Tue,December,6,4,2016
1107,2016-12-07,Wed,December,7,4,2016
1108,2016-12-08,Thu,December,8,4,2016
1109,2016-12-09,Fri,December,9,4,2016
1110,2016-12-10,Sat,December,10,4,2016
1111,2016-12-11,Sun,December,11,4,2016
1112,2016-12-12,Mon,December,12,4,2016
1113,2016-12-13,Tue,December,13,4,2016
1114,2016-12-14,Wed,December,14,4,2016
1115,2016-12-15,Thu,December,15,4,2016
1116,2016-12-16,Fri,December,16,4,2016
1117,2016-12-17,Sat,December,17,4,2016
1118,2016-12-18,Sun,December,18,4,2016
1119,2016-12-19,Mon,December,19,4,2016
1120,2016-12-20,Tue,December,20,4,2016
1121,2016-12-21,Wed,December,21,4,2016
1122,2016-12-22,Thu,December,22,4,2016
1123,2016-12-23,Fri,December,23,4,2016
1124,2016-12-24,Sat,December,24,4,2016
1125,2016-12-25,Sun,December,25,4,2016
1126,2016-12-26,Mon,December,26,4,2016
1127,2016-12-27,Tue,December,27,4,2016
1128,2016-12-28,Wed,December,28,4,2016
1129,2016-12-29,Thu,December,29,4,2016
1130,2016-12-30,Fri,December,30,4,2016
1131,2016-12-31,Sat,December,31,4,2016
10001,2017-01-01,Sun,January,1,1,2017
10002,2017-01-02,Mon,January,2,1,2017
10003,2017-01-03,Tue,January,3,1,2017
10004,2017-01-04,Wed,January,4,1,2017
10005,2017-01-05,Thu,January,5,1,2017
10006,2017-01-06,Fri,January,6,1,2017
10007,2017-01-07,Sat,January,7,1,2017
10008,2017-01-08,Sun,January,8,1,2017
10009,2017-01-09,Mon,January,9,1,2017
10010,2017-01-10,Tue,January,10,1,2017
10011,2017-01-11,Wed,January,11,1,2017
10012,2017-01-12,Thu,January,12,1,2017
10013,2017-01-13,Fri,January,13,1,2017
10014,2017-01-14,Sat,January,14,1,2017
10015,2017-01-15,Sun,January,15,1,2017
10016,2017-01-16,Mon,January,16,1,2017
10017,2017-01-17,Tue,January,17,1,2017
10018,2017-01-18,Wed,January,18,1,2017
10019,2017-01-19,Thu,January,19,1,2017
10020,2017-01-20,Fri,January,20,1,2017
10021,2017-01-21,Sat,January,21,1,2017
10022,2017-01-22,Sun,January,22,1,2017
10023,2017-01-23,Mon,January,23,1,2017
10024,2017-01-24,Tue,January,24,1,2017
10025,2017-01-25,Wed,January,25,1,2017
10026,2017-01-26,Thu,January,26,1,2017
10027,2017-01-27,Fri,January,27,1,2017
10028,2017-01-28,Sat,January,28,1,2017
10029,2017-01-29,Sun,January,29,1,2017
10030,2017-01-30,Mon,January,30,1,2017
10031,2017-01-31,Tue,January,31,1,2017
10101,2017-02-01,Wed,February,1,1,2017
10102,2017-02-02,Thu,February,2,1,2017
10103,2017-02-03,Fri,February,3,1,2017
10104,2017-02-04,Sat,February,4,1,2017
10105,2017-02-05,Sun,February,5,1,2017
10106,2017-02-06,Mon,February,6,1,2017
10107,2017-02-07,Tue,February,7,1,2017
10108,2017-02-08,Wed,February,8,1,2017
10109,2017-02-09,Thu,February,9,1,2017
10110,2017-02-10,Fri,February,10,1,2017
10111,2017-02-11,Sat,February,11,1,2017
10112,2017-02-12,Sun,February,12,1,2017
10113,2017-02-13,Mon,February,13,1,2017
10114,2017-02-14,Tue,February,14,1,2017
10115,2017-02-15,Wed,February,15,1,2017
10116,2017-02-16,Thu,February,16,1,2017
10117,2017-02-17,Fri,February,17,1,2017
10118,2017-02-18,Sat,February,18,1,2017
10119,2017-02-19,Sun,February,19,1,2017
10120,2017-02-20,Mon,February,20,1,2017
10121,2017-02-21,Tue,February,21,1,2017
10122,2017-02-22,Wed,February,22,1,2017
10123,2017-02-23,Thu,February,23,1,2017
10124,2017-02-24,Fri,February,24,1,2017
10125,2017-02-25,Sat,February,25,1,2017
10126,2017-02-26,Sun,February,26,1,2017
10127,2017-02-27,Mon,February,27,1,2017
10128,2017-02-28,Tue,February,28,1,2017
10201,2017-03-01,Wed,March,1,1,2017
10202,2017-03-02,Thu,March,2,1,2017
10203,2017-03-03,Fri,March,3,1,2017
10204,2017-03-04,Sat,March,4,1,2017
10205,2017-03-05,Sun,March,5,1,2017
10206,2017-03-06,Mon,March,6,1,2017
10207,2017-03-07,Tue,March,7,1,2017
10208,2017-03-08,Wed,March,8,1,2017
10209,2017-03-09,Thu,March,9,1,2017
10210,2017-03-10,Fri,March,10,1,2017
10211,2017-03-11,Sat,March,11,1,2017
10212,2017-03-12,Sun,March,12,1,2017
10213,2017-03-13,Mon,March,13,1,2017
10214,2017-03-14,Tue,March,14,1,2017
10215,2017-03-15,Wed,March,15,1,2017
10216,2017-03-16,Thu,March,16,1,2017
10217,2017-03-17,Fri,March,17,1,2017
10218,2017-03-18,Sat,March,18,1,2017
10219,2017-03-19,Sun,March,19,1,2017
10220,2017-03-20,Mon,March,20,1,2017
10221,2017-03-21,Tue,March,21,1,2017
10222,2017-03-22,Wed,March,22,1,2017
10223,2017-03-23,Thu,March,23,1,2017
10224,2017-03-24,Fri,March,24,1,2017
10225,2017-03-25,Sat,March,25,1,2017
10226,2017-03-26,Sun,March,26,1,2017
10227,2017-03-27,Mon,March,27,1,2017
10228,2017-03-28,Tue,March,28,1,2017
10229,2017-03-29,Wed,March,29,1,2017
10230,2017-03-30,Thu,March,30,1,2017
10231,2017-03-31,Fri,March,31,1,2017
10301,2017-04-01,Sat,April,1,2,2017
10302,2017-04-02,Sun,April,2,2,2017
10303,2017-04-03,Mon,April,3,2,2017
10304,2017-04-04,Tue,April,4,2,2017
10305,2017-04-05,Wed,April,5,2,2017
10306,2017-04-06,Thu,April,6,2,2017
10307,2017-04-07,Fri,April,7,2,2017
10308,2017-04-08,Sat,April,8,2,2017
10309,2017-04-09,Sun,April,9,2,2017
10310,2017-04-10,Mon,April,10,2,2017
10311,2017-04-11,Tue,April,11,2,2017
10312,2017-04-12,Wed,April,12,2,2017
10313,2017-04-13,Thu,April,13,2,2017
10314,2017-04-14,Fri,April,14,2,2017
10315,2017-04-15,Sat,April,15,2,2017
10316,2017-04-16,Sun,April,16,2,2017
10317,2017-04-17,Mon,April,17,2,2017
10318,2017-04-18,Tue,April,18,2,2017
10319,2017-04-19,Wed,April,19,2,2017
10320,2017-04-20,Thu,April,20,2,2017
10321,2017-04-21,Fri,April,21,2,2017
10322,2017-04-22,Sat,April,22,2,2017
10323,2017-04-23,Sun,April,23,2,2017
10324,2017-04-24,Mon,April,24,2,2017
10325,2017-04-25,Tue,April,25,2,2017
10326,2017-04-26,Wed,April,26,2,2017
10327,2017-04-27,Thu,April,27,2,2017
10328,2017-04-28,Fri,April,28,2,2017
10329,2017-04-29,Sat,April,29,2,2017
10330,2017-04-30,Sun,April,30,2,2017
10401,2017-05-01,Mon,May,1,2,2017
10402,2017-05-02,Tue,May,2,2,2017
10403,2017-05-03,Wed,May,3,2,2017
10404,2017-05-04,Thu,May,4,2,2017
10405,2017-05-05,Fri,May,5,2,2017
10406,2017-05-06,Sat,May,6,2,2017
10407,2017-05-07,Sun,May,7,2,2017
10408,2017-05-08,Mon,May,8,2,2017
10409,2017-05-09,Tue,May,9,2,2017
10410,2017-05-10,Wed,May,10,2,2017
10411,2017-05-11,Thu,May,11,2,2017
10412,2017-05-12,Fri,May,12,2,2017
10413,2017-05-13,Sat,May,13,2,2017
10414,2017-05-14,Sun,May,14,2,2017
10415,2017-05-15,Mon,May,15,2,2017
10416,2017-05-16,Tue,May,16,2,2017
10417,2017-05-17,Wed,May,17,2,2017
10418,2017-05-18,Thu,May,18,2,2017
10419,2017-05-19,Fri,May,19,2,2017
10420,2017-05-20,Sat,May,20,2,2017
10421,2017-05-21,Sun,May,21,2,2017
10422,2017-05-22,Mon,May,22,2,2017
10423,2017-05-23,Tue,May,23,2,2017
10424,2017-05-24,Wed,May,24,2,2017
10425,2017-05-25,Thu,May,25,2,2017
10426,2017-05-26,Fri,May,26,2,2017
10427,2017-05-27,Sat,May,27,2,2017
10428,2017-05-28,Sun,May,28,2,2017
10429,2017-05-29,Mon,May,29,2,2017
10430,2017-05-30,Tue,May,30,2,2017
10431,2017-05-31,Wed,May,31,2,2017
10501,2017-06-01,Thu,June,1,2,2017
10502,2017-06-02,Fri,June,2,2,2017
10503,2017-06-03,Sat,June,3,2,2017
10504,2017-06-04,Sun,June,4,2,2017
10505,2017-06-05,Mon,June,5,2,2017
10506,2017-06-06,Tue,June,6,2,2017
10507,2017-06-07,Wed,June,7,2,2017
10508,2017-06-08,Thu,June,8,2,2017
10509,2017-06-09,Fri,June,9,2,2017
10510,2017-06-10,Sat,June,10,2,2017
10511,2017-06-11,Sun,June,11,2,2017
10512,2017-06-12,Mon,June,12,2,2017
10513,2017-06-13,Tue,June,13,2,2017
10514,2017-06-14,Wed,June,14,2,2017
10515,2017-06-15,Thu,June,15,2,2017
10516,2017-06-16,Fri,June,16,2,2017
10517,2017-06-17,Sat,June,17,2,2017
10518,2017-06-18,Sun,June,18,2,2017
10519,2017-06-19,Mon,June,19,2,2017
10520,2017-06-20,Tue,June,20,2,2017
10521,2017-06-21,Wed,June,21,2,2017
10522,2017-06-22,Thu,June,22,2,2017
10523,2017-06-23,Fri,June,23,2,2017
10524,2017-06-24,Sat,June,24,2,2017
10525,2017-06-25,Sun,June,25,2,2017
10526,2017-06-26,Mon,June,26,2,2017
10527,2017-06-27,Tue,June,27,2,2017
10528,2017-06-28,Wed,June,28,2,2017
10529,2017-06-29,Thu,June,29,2,2017
10530,2017-06-30,Fri,June,30,2,2017
10601,2017-07-01,Sat,July,1,3,2017
10602,2017-07-02,Sun,July,2,3,2017
10603,2017-07-03,Mon,July,3,3,2017
10604,2017-07-04,Tue,July,4,3,2017
10605,2017-07-05,Wed,July,5,3,2017
10606,2017-07-06,Thu,July,6,3,2017
10607,2017-07-07,Fri,July,7,3,2017
10608,2017-07-08,Sat,July,8,3,2017
10609,2017-07-09,Sun,July,9,3,2017
10610,2017-07-10,Mon,July,10,3,2017
10611,2017-07-11,Tue,July,11,3,2017
10612,2017-07-12,Wed,July,12,3,2017
10613,2017-07-13,Thu,July,13,3,2017
10614,2017-07-14,Fri,July,14,3,2017
10615,2017-07-15,Sat,July,15,3,2017
10616,2017-07-16,Sun,July,16,3,2017
10617,2017-07-17,Mon,July,17,3,2017
10618,2017-07-18,Tue,July,18,3,2017
10619,2017-07-19,Wed,July,19,3,2017
10620,2017-07-20,Thu,July,20,3,2017
10621,2017-07-21,Fri,July,21,3,2017
10622,2017-07-22,Sat,July,22,3,2017
10623,2017-07-23,Sun,July,23,3,2017
10624,2017-07-24,Mon,July,24,3,2017
10625,2017-07-25,Tue,July,25,3,2017
10626,2017-07-26,Wed,July,26,3,2017
10627,2017-07-27,Thu,July,27,3,2017
10628,2017-07-28,Fri,July,28,3,2017
10629,2017-07-29,Sat,July,29,3,2017
10630,2017-07-30,Sun,July,30,3,2017
10631,2017-07-31,Mon,July,31,3,2017
10701,2017-08-01,Tue,August,1,3,2017
10702,2017-08-02,Wed,August,2,3,2017
10703,2017-08-03,Thu,August,3,3,2017
10704,2017-08-04,Fri,August,4,3,2017
10705,2017-08-05,Sat,August,5,3,2017
10706,2017-08-06,Sun,August,6,3,2017
10707,2017-08-07,Mon,August,7,3,2017
10708,2017-08-08,Tue,August,8,3,2017
10709,2017-08-09,Wed,August,9,3,2017
10710,2017-08-10,Thu,August,10,3,2017
10711,2017-08-11,Fri,August,11,3,2017
10712,2017-08-12,Sat,August,12,3,2017
10713,2017-08-13,Sun,August,13,3,2017
10714,2017-08-14,Mon,August,14,3,2017
10715,2017-08-15,Tue,August,15,3,2017
10716,2017-08-16,Wed,August,16,3,2017
10717,2017-08-17,Thu,August,17,3,2017
10718,2017-08-18,Fri,August,18,3,2017
10719,2017-08-19,Sat,August,19,3,2017
10720,2017-08-20,Sun,August,20,3,2017
10721,2017-08-21,Mon,August,21,3,2017
10722,2017-08-22,Tue,August,22,3,2017
10723,2017-08-23,Wed,August,23,3,2017
10724,2017-08-24,Thu,August,24,3,2017
10725,2017-08-25,Fri,August,25,3,2017
10726,2017-08-26,Sat,August,26,3,2017
10727,2017-08-27,Sun,August,27,3,2017
10728,2017-08-28,Mon,August,28,3,2017
10729,2017-08-29,Tue,August,29,3,2017
10730,2017-08-30,Wed,August,30,3,2017
10731,2017-08-31,Thu,August,31,3,2017
10801,2017-09-01,Fri,September,1,3,2017
10802,2017-09-02,Sat,September,2,3,2017
10803,2017-09-03,Sun,September,3,3,2017
10804,2017-09-04,Mon,September,4,3,2017
10805,2017-09-05,Tue,September,5,3,2017
10806,2017-09-06,Wed,September,6,3,2017
10807,2017-09-07,Thu,September,7,3,2017
10808,2017-09-08,Fri,September,8,3,2017
10809,2017-09-09,Sat,September,9,3,2017
10810,2017-09-10,Sun,September,10,3,2017
10811,2017-09-11,Mon,September,11,3,2017
10812,2017-09-12,Tue,September,12,3,2017
10813,2017-09-13,Wed,September,13,3,2017
10814,2017-09-14,Thu,September,14,3,2017
10815,2017-09-15,Fri,September,15,3,2017
10816,2017-09-16,Sat,September,16,3,2017
10817,2017-09-17,Sun,September,17,3,2017
10818,2017-09-18,Mon,September,18,3,2017
10819,2017-09-19,Tue,September,19,3,2017
10820,2017-09-20,Wed,September,20,3,2017
10821,2017-09-21,Thu,September,21,3,2017
10822,2017-09-22,Fri,September,22,3,2017
10823,2017-09-23,Sat,September,23,3,2017
10824,2017-09-24,Sun,September,24,3,2017
10825,2017-09-25,Mon,September,25,3,2017
10826,2017-09-26,Tue,September,26,3,2017
10827,2017-09-27,Wed,September,27,3,2017
10828,2017-09-28,Thu,September,28,3,2017
10829,2017-09-29,Fri,September,29,3,2017
10830,2017-09-30,Sat,September,30,3,2017
10901,2017-10-01,Sun,October,1,4,2017
10902,2017-10-02,Mon,October,2,4,2017
10903,2017-10-03,Tue,October,3,4,2017
10904,2017-10-04,Wed,October,4,4,2017
10905,2017-10-05,Thu,October,5,4,2017
10906,2017-10-06,Fri,October,6,4,2017
10907,2017-10-07,Sat,October,7,4,2017
10908,2017-10-08,Sun,October,8,4,2017
10909,2017-10-09,Mon,October,9,4,2017
10910,2017-10-10,Tue,October,10,4,2017
10911,2017-10-11,Wed,October,11,4,2017
10912,2017-10-12,Thu,October,12,4,2017
10913,2017-10-13,Fri,October,13,4,2017
10914,2017-10-14,Sat,October,14,4,2017
10915,2017-10-15,Sun,October,15,4,2017
10916,2017-10-16,Mon,October,16,4,2017
10917,2017-10-17,Tue,October,17,4,2017
10918,2017-10-18,Wed,October,18,4,2017
10919,2017-10-19,Thu,October,19,4,2017
10920,2017-10-20,Fri,October,20,4,2017
10921,2017-10-21,Sat,October,21,4,2017
10922,2017-10-22,Sun,October,22,4,2017
10923,2017-10-23,Mon,October,23,4,2017
10924,2017-10-24,Tue,October,24,4,2017
10925,2017-10-25,Wed,October,25,4,2017
10926,2017-10-26,Thu,October,26,4,2017
10927,2017-10-27,Fri,October,27,4,2017
10928,2017-10-28,Sat,October,28,4,2017
10929,2017-10-29,Sun,October,29,4,2017
10930,2017-10-30,Mon,October,30,4,2017
10931,2017-10-31,Tue,October,31,4,2017
11001,2017-11-01,Wed,November,1,4,2017
11002,2017-11-02,Thu,November,2,4,2017
11003,2017-11-03,Fri,November,3,4,2017
11004,2017-11-04,Sat,November,4,4,2017
11005,2017-11-05,Sun,November,5,4,2017
11006,2017-11-06,Mon,November,6,4,2017
11007,2017-11-07,Tue,November,7,4,2017
11008,2017-11-08,Wed,November,8,4,2017
11009,2017-11-09,Thu,November,9,4,2017
11010,2017-11-10,Fri,November,10,4,2017
11011,2017-11-11,Sat,November,11,4,2017
11012,2017-11-12,Sun,November,12,4,2017
11013,2017-11-13,Mon,November,13,4,2017
11014,2017-11-14,Tue,November,14,4,2017
11015,2017-11-15,Wed,November,15,4,2017
11016,2017-11-16,Thu,November,16,4,2017
11017,2017-11-17,Fri,November,17,4,2017
11018,2017-11-18,Sat,November,18,4,2017
11019,2017-11-19,Sun,November,19,4,2017
11020,2017-11-20,Mon,November,20,4,2017
11021,2017-11-21,Tue,November,21,4,2017
11022,2017-11-22,Wed,November,22,4,2017
11023,2017-11-23,Thu,November,23,4,2017
11024,2017-11-24,Fri,November,24,4,2017
11025,2017-11-25,Sat,November,25,4,2017
11026,2017-11-26,Sun,November,26,4,2017
11027,2017-11-27,Mon,November,27,4,2017
11028,2017-11-28,Tue,November,28,4,2017
11029,2017-11-29,Wed,November,29,4,2017
11030,2017-11-30,Thu,November,30,4,2017
11101,2017-12-01,Fri,December,1,4,2017
11102,2017-12-02,Sat,December,2,4,2017
11103,2017-12-03,Sun,December,3,4,2017
11104,2017-12-04,Mon,December,4,4,2017
11105,2017-12-05,Tue,December,5,4,2017
11106,2017-12-06,Wed,December,6,4,2017
11107,2017-12-07,Thu,December,7,4,2017
11108,2017-12-08,Fri,December,8,4,2017
11109,2017-12-09,Sat,December,9,4,2017
11110,2017-12-10,Sun,December,10,4,2017
11111,2017-12-11,Mon,December,11,4,2017
11112,2017-12-12,Tue,December,12,4,2017
11113,2017-12-13,Wed,December,13,4,2017
11114,2017-12-14,Thu,December,14,4,2017
11115,2017-12-15,Fri,December,15,4,2017
11116,2017-12-16,Sat,December,16,4,2017
11117,2017-12-17,Sun,December,17,4,2017
11118,2017-12-18,Mon,December,18,4,2017
11119,2017-12-19,Tue,December,19,4,2017
11120,2017-12-20,Wed,December,20,4,2017
11121,2017-12-21,Thu,December,21,4,2017
11122,2017-12-22,Fri,December,22,4,2017
11123,2017-12-23,Sat,December,23,4,2017
11124,2017-12-24,Sun,December,24,4,2017
11125,2017-12-25,Mon,December,25,4,2017
11126,2017-12-26,Tue,December,26,4,2017
11127,2017-12-27,Wed,December,27,4,2017
11128,2017-12-28,Thu,December,28,4,2017
11129,2017-12-29,Fri,December,29,4,2017
11130,2017-12-30,Sat,December,30,4,2017
11131,2017-12-31,Sun,December,31,4,2017
20001,2018-01-01,Mon,January,1,1,2018
20002,2018-01-02,Tue,January,2,1,2018
20003,2018-01-03,Wed,January,3,1,2018
20004,2018-01-04,Thu,January,4,1,2018
20005,2018-01-05,Fri,January,5,1,2018
20006,2018-01-06,Sat,January,6,1,2018
20007,2018-01-07,Sun,January,7,1,2018
20008,2018-01-08,Mon,January,8,1,2018
20009,2018-01-09,Tue,January,9,1,2018
20010,2018-01-10,Wed,January,10,1,2018
20011,2018-01-11,Thu,January,11,1,2018
20012,2018-01-12,Fri,January,12,1,2018
20013,2018-01-13,Sat,January,13,1,2018
20014,2018-01-14,Sun,January,14,1,2018
20015,2018-01-15,Mon,January,15,1,2018
20016,2018-01-16,Tue,January,16,1,2018
20017,2018-01-17,Wed,January,17,1,2018
20018,2018-01-18,Thu,January,18,1,2018
20019,2018-01-19,Fri,January,19,1,2018
20020,2018-01-20,Sat,January,20,1,2018
20021,2018-01-21,Sun,January,21,1,2018
20022,2018-01-22,Mon,January,22,1,2018
20023,2018-01-23,Tue,January,23,1,2018
20024,2018-01-24,Wed,January,24,1,2018
20025,2018-01-25,Thu,January,25,1,2018
20026,2018-01-26,Fri,January,26,1,2018
20027,2018-01-27,Sat,January,27,1,2018
20028,2018-01-28,Sun,January,28,1,2018
20029,2018-01-29,Mon,January,29,1,2018
20030,2018-01-30,Tue,January,30,1,2018
20031,2018-01-31,Wed,January,31,1,2018
20101,2018-02-01,Thu,February,1,1,2018
20102,2018-02-02,Fri,February,2,1,2018
20103,2018-02-03,Sat,February,3,1,2018
20104,2018-02-04,Sun,February,4,1,2018
20105,2018-02-05,Mon,February,5,1,2018
20106,2018-02-06,Tue,February,6,1,2018
20107,2018-02-07,Wed,February,7,1,2018
20108,2018-02-08,Thu,February,8,1,2018
20109,2018-02-09,Fri,February,9,1,2018
20110,2018-02-10,Sat,February,10,1,2018
20111,2018-02-11,Sun,February,11,1,2018
20112,2018-02-12,Mon,February,12,1,2018
20113,2018-02-13,Tue,February,13,1,2018
20114,2018-02-14,Wed,February,14,1,2018
20115,2018-02-15,Thu,February,15,1,2018
20116,2018-02-16,Fri,February,16,1,2018
20117,2018-02-17,Sat,February,17,1,2018
20118,2018-02-18,Sun,February,18,1,2018
20119,2018-02-19,Mon,February,19,1,2018
20120,2018-02-20,Tue,February,20,1,2018
20121,2018-02-21,Wed,February,21,1,2018
20122,2018-02-22,Thu,February,22,1,2018
20123,2018-02-23,Fri,February,23,1,2018
20124,2018-02-24,Sat,February,24,1,2018
20125,2018-02-25,Sun,February,25,1,2018
20126,2018-02-26,Mon,February,26,1,2018
20127,2018-02-27,Tue,February,27,1,2018
20128,2018-02-28,Wed,February,28,1,2018
20201,2018-03-01,Thu,March,1,1,2018
20202,2018-03-02,Fri,March,2,1,2018
20203,2018-03-03,Sat,March,3,1,2018
20204,2018-03-04,Sun,March,4,1,2018
20205,2018-03-05,Mon,March,5,1,2018
20206,2018-03-06,Tue,March,6,1,2018
20207,2018-03-07,Wed,March,7,1,2018
20208,2018-03-08,Thu,March,8,1,2018
20209,2018-03-09,Fri,March,9,1,2018
20210,2018-03-10,Sat,March,10,1,2018
20211,2018-03-11,Sun,March,11,1,2018
20212,2018-03-12,Mon,March,12,1,2018
20213,2018-03-13,Tue,March,13,1,2018
20214,2018-03-14,Wed,March,14,1,2018
20215,2018-03-15,Thu,March,15,1,2018
20216,2018-03-16,Fri,March,16,1,2018
20217,2018-03-17,Sat,March,17,1,2018
20218,2018-03-18,Sun,March,18,1,2018
20219,2018-03-19,Mon,March,19,1,2018
20220,2018-03-20,Tue,March,20,1,2018
20221,2018-03-21,Wed,March,21,1,2018
20222,2018-03-22,Thu,March,22,1,2018
20223,2018-03-23,Fri,March,23,1,2018
20224,2018-03-24,Sat,March,24,1,2018
20225,2018-03-25,Sun,March,25,1,2018
20226,2018-03-26,Mon,March,26,1,2018
20227,2018-03-27,Tue,March,27,1,2018
20228,2018-03-28,Wed,March,28,1,2018
20229,2018-03-29,Thu,March,29,1,2018
20230,2018-03-30,Fri,March,30,1,2018
20231,2018-03-31,Sat,March,31,1,2018
20301,2018-04-01,Sun,April,1,2,2018
20302,2018-04-02,Mon,April,2,2,2018
20303,2018-04-03,Tue,April,3,2,2018
20304,2018-04-04,Wed,April,4,2,2018
20305,2018-04-05,Thu,April,5,2,2018
20306,2018-04-06,Fri,April,6,2,2018
20307,2018-04-07,Sat,April,7,2,2018
20308,2018-04-08,Sun,April,8,2,2018
20309,2018-04-09,Mon,April,9,2,2018
20310,2018-04-10,Tue,April,10,2,2018
20311,2018-04-11,Wed,April,11,2,2018
20312,2018-04-12,Thu,April,12,2,2018
20313,2018-04-13,Fri,April,13,2,2018
20314,2018-04-14,Sat,April,14,2,2018
20315,2018-04-15,Sun,April,15,2,2018
20316,2018-04-16,Mon,April,16,2,2018
20317,2018-04-17,Tue,April,17,2,2018
20318,2018-04-18,Wed,April,18,2,2018
20319,2018-04-19,Thu,April,19,2,2018
20320,2018-04-20,Fri,April,20,2,2018
20321,2018-04-21,Sat,April,21,2,2018
20322,2018-04-22,Sun,April,22,2,2018
20323,2018-04-23,Mon,April,23,2,2018
20324,2018-04-24,Tue,April,24,2,2018
20325,2018-04-25,Wed,April,25,2,2018
20326,2018-04-26,Thu,April,26,2,2018
20327,2018-04-27,Fri,April,27,2,2018
20328,2018-04-28,Sat,April,28,2,2018
20329,2018-04-29,Sun,April,29,2,2018
20330,2018-04-30,Mon,April,30,2,2018
20401,2018-05-01,Tue,May,1,2,2018
20402,2018-05-02,Wed,May,2,2,2018
20403,2018-05-03,Thu,May,3,2,2018
20404,2018-05-04,Fri,May,4,2,2018
20405,2018-05-05,Sat,May,5,2,2018
20406,2018-05-06,Sun,May,6,2,2018
20407,2018-05-07,Mon,May,7,2,2018
20408,2018-05-08,Tue,May,8,2,2018
20409,2018-05-09,Wed,May,9,2,2018
20410,2018-05-10,Thu,May,10,2,2018
20411,2018-05-11,Fri,May,11,2,2018
20412,2018-05-12,Sat,May,12,2,2018
20413,2018-05-13,Sun,May,13,2,2018
20414,2018-05-14,Mon,May,14,2,2018
20415,2018-05-15,Tue,May,15,2,2018
20416,2018-05-16,Wed,May,16,2,2018
20417,2018-05-17,Thu,May,17,2,2018
20418,2018-05-18,Fri,May,18,2,2018
20419,2018-05-19,Sat,May,19,2,2018
20420,2018-05-20,Sun,May,20,2,2018
20421,2018-05-21,Mon,May,21,2,2018
20422,2018-05-22,Tue,May,22,2,2018
20423,2018-05-23,Wed,May,23,2,2018
20424,2018-05-24,Thu,May,24,2,2018
20425,2018-05-25,Fri,May,25,2,2018
20426,2018-05-26,Sat,May,26,2,2018
20427,2018-05-27,Sun,May,27,2,2018
20428,2018-05-28,Mon,May,28,2,2018
20429,2018-05-29,Tue,May,29,2,2018
20430,2018-05-30,Wed,May,30,2,2018
20431,2018-05-31,Thu,May,31,2,2018
20501,2018-06-01,Fri,June,1,2,2018
20502,2018-06-02,Sat,June,2,2,2018
20503,2018-06-03,Sun,June,3,2,2018
20504,2018-06-04,Mon,June,4,2,2018
20505,2018-06-05,Tue,June,5,2,2018
20506,2018-06-06,Wed,June,6,2,2018
20507,2018-06-07,Thu,June,7,2,2018
20508,2018-06-08,Fri,June,8,2,2018
20509,2018-06-09,Sat,June,9,2,2018
20510,2018-06-10,Sun,June,10,2,2018
20511,2018-06-11,Mon,June,11,2,2018
20512,2018-06-12,Tue,June,12,2,2018
20513,2018-06-13,Wed,June,13,2,2018
20514,2018-06-14,Thu,June,14,2,2018
20515,2018-06-15,Fri,June,15,2,2018
20516,2018-06-16,Sat,June,16,2,2018
20517,2018-06-17,Sun,June,17,2,2018
20518,2018-06-18,Mon,June,18,2,2018
20519,2018-06-19,Tue,June,19,2,2018
20520,2018-06-20,Wed,June,20,2,2018
20521,2018-06-21,Thu,June,21,2,2018
20522,2018-06-22,Fri,June,22,2,2018
20523,2018-06-23,Sat,June,23,2,2018
20524,2018-06-24,Sun,June,24,2,2018
20525,2018-06-25,Mon,June,25,2,2018
20526,2018-06-26,Tue,June,26,2,2018
20527,2018-06-27,Wed,June,27,2,2018
20528,2018-06-28,Thu,June,28,2,2018
20529,2018-06-29,Fri,June,29,2,2018
20530,2018-06-30,Sat,June,30,2,2018
20601,2018-07-01,Sun,July,1,3,2018
20602,2018-07-02,Mon,July,2,3,2018
20603,2018-07-03,Tue,July,3,3,2018
20604,2018-07-04,Wed,July,4,3,2018
20605,2018-07-05,Thu,July,5,3,2018
20606,2018-07-06,Fri,July,6,3,2018
20607,2018-07-07,Sat,July,7,3,2018
20608,2018-07-08,Sun,July,8,3,2018
20609,2018-07-09,Mon,July,9,3,2018
20610,2018-07-10,Tue,July,10,3,2018
20611,2018-07-11,Wed,July,11,3,2018
20612,2018-07-12,Thu,July,12,3,2018
20613,2018-07-13,Fri,July,13,3,2018
20614,2018-07-14,Sat,July,14,3,2018
20615,2018-07-15,Sun,July,15,3,2018
20616,2018-07-16,Mon,July,16,3,2018
20617,2018-07-17,Tue,July,17,3,2018
20618,2018-07-18,Wed,July,18,3,2018
20619,2018-07-19,Thu,July,19,3,2018
20620,2018-07-20,Fri,July,20,3,2018
20621,2018-07-21,Sat,July,21,3,2018
20622,2018-07-22,Sun,July,22,3,2018
20623,2018-07-23,Mon,July,23,3,2018
20624,2018-07-24,Tue,July,24,3,2018
20625,2018-07-25,Wed,July,25,3,2018
20626,2018-07-26,Thu,July,26,3,2018
20627,2018-07-27,Fri,July,27,3,2018
20628,2018-07-28,Sat,July,28,3,2018
20629,2018-07-29,Sun,July,29,3,2018
20630,2018-07-30,Mon,July,30,3,2018
20631,2018-07-31,Tue,July,31,3,2018
20701,2018-08-01,Wed,August,1,3,2018
20702,2018-08-02,Thu,August,2,3,2018
20703,2018-08-03,Fri,August,3,3,2018
20704,2018-08-04,Sat,August,4,3,2018
20705,2018-08-05,Sun,August,5,3,2018
20706,2018-08-06,Mon,August,6,3,2018
20707,2018-08-07,Tue,August,7,3,2018
20708,2018-08-08,Wed,August,8,3,2018
20709,2018-08-09,Thu,August,9,3,2018
20710,2018-08-10,Fri,August,10,3,2018
20711,2018-08-11,Sat,August,11,3,2018
20712,2018-08-12,Sun,August,12,3,2018
20713,2018-08-13,Mon,August,13,3,2018
20714,2018-08-14,Tue,August,14,3,2018
20715,2018-08-15,Wed,August,15,3,2018
20716,2018-08-16,Thu,August,16,3,2018
20717,2018-08-17,Fri,August,17,3,2018
20718,2018-08-18,Sat,August,18,3,2018
20719,2018-08-19,Sun,August,19,3,2018
20720,2018-08-20,Mon,August,20,3,2018
20721,2018-08-21,Tue,August,21,3,2018
20722,2018-08-22,Wed,August,22,3,2018
20723,2018-08-23,Thu,August,23,3,2018
20724,2018-08-24,Fri,August,24,3,2018
20725,2018-08-25,Sat,August,25,3,2018
20726,2018-08-26,Sun,August,26,3,2018
20727,2018-08-27,Mon,August,27,3,2018
20728,2018-08-28,Tue,August,28,3,2018
20729,2018-08-29,Wed,August,29,3,2018
20730,2018-08-30,Thu,August,30,3,2018
20731,2018-08-31,Fri,August,31,3,2018
20801,2018-09-01,Sat,September,1,3,2018
20802,2018-09-02,Sun,September,2,3,2018
20803,2018-09-03,Mon,September,3,3,2018
20804,2018-09-04,Tue,September,4,3,2018
20805,2018-09-05,Wed,September,5,3,2018
20806,2018-09-06,Thu,September,6,3,2018
20807,2018-09-07,Fri,September,7,3,2018
20808,2018-09-08,Sat,September,8,3,2018
20809,2018-09-09,Sun,September,9,3,2018
20810,2018-09-10,Mon,September,10,3,2018
20811,2018-09-11,Tue,September,11,3,2018
20812,2018-09-12,Wed,September,12,3,2018
20813,2018-09-13,Thu,September,13,3,2018
20814,2018-09-14,Fri,September,14,3,2018
20815,2018-09-15,Sat,September,15,3,2018
20816,2018-09-16,Sun,September,16,3,2018
20817,2018-09-17,Mon,September,17,3,2018
20818,2018-09-18,Tue,September,18,3,2018
20819,2018-09-19,Wed,September,19,3,2018
20820,2018-09-20,Thu,September,20,3,2018
20821,2018-09-21,Fri,September,21,3,2018
20822,2018-09-22,Sat,September,22,3,2018
20823,2018-09-23,Sun,September,23,3,2018
20824,2018-09-24,Mon,September,24,3,2018
20825,2018-09-25,Tue,September,25,3,2018
20826,2018-09-26,Wed,September,26,3,2018
20827,2018-09-27,Thu,September,27,3,2018
20828,2018-09-28,Fri,September,28,3,2018
20829,2018-09-29,Sat,September,29,3,2018
20830,2018-09-30,Sun,September,30,3,2018
20901,2018-10-01,Mon,October,1,4,2018
20902,2018-10-02,Tue,October,2,4,2018
20903,2018-10-03,Wed,October,3,4,2018
20904,2018-10-04,Thu,October,4,4,2018
20905,2018-10-05,Fri,October,5,4,2018
20906,2018-10-06,Sat,October,6,4,2018
20907,2018-10-07,Sun,October,7,4,2018
20908,2018-10-08,Mon,October,8,4,2018
20909,2018-10-09,Tue,October,9,4,2018
20910,2018-10-10,Wed,October,10,4,2018
20911,2018-10-11,Thu,October,11,4,2018
20912,2018-10-12,Fri,October,12,4,2018
20913,2018-10-13,Sat,October,13,4,2018
20914,2018-10-14,Sun,October,14,4,2018
20915,2018-10-15,Mon,October,15,4,2018
20916,2018-10-16,Tue,October,16,4,2018
20917,2018-10-17,Wed,October,17,4,2018
20918,2018-10-18,Thu,October,18,4,2018
20919,2018-10-19,Fri,October,19,4,2018
20920,2018-10-20,Sat,October,20,4,2018
20921,2018-10-21,Sun,October,21,4,2018
20922,2018-10-22,Mon,October,22,4,2018
20923,2018-10-23,Tue,October,23,4,2018
20924,2018-10-24,Wed,October,24,4,2018
20925,2018-10-25,Thu,October,25,4,2018
20926,2018-10-26,Fri,October,26,4,2018
20927,2018-10-27,Sat,October,27,4,2018
20928,2018-10-28,Sun,October,28,4,2018
20929,2018-10-29,Mon,October,29,4,2018
20930,2018-10-30,Tue,October,30,4,2018
20931,2018-10-31,Wed,October,31,4,2018
21001,2018-11-01,Thu,November,1,4,2018
21002,2018-11-02,Fri,November,2,4,2018
21003,2018-11-03,Sat,November,3,4,2018
21004,2018-11-04,Sun,November,4,4,2018
21005,2018-11-05,Mon,November,5,4,2018
21006,2018-11-06,Tue,November,6,4,2018
21007,2018-11-07,Wed,November,7,4,2018
21008,2018-11-08,Thu,November,8,4,2018
21009,2018-11-09,Fri,November,9,4,2018
21010,2018-11-10,Sat,November,10,4,2018
21011,2018-11-11,Sun,November,11,4,2018
21012,2018-11-12,Mon,November,12,4,2018
21013,2018-11-13,Tue,November,13,4,2018
21014,2018-11-14,Wed,November,14,4,2018
21015,2018-11-15,Thu,November,15,4,2018
21016,2018-11-16,Fri,November,16,4,2018
21017,2018-11-17,Sat,November,17,4,2018
21018,2018-11-18,Sun,November,18,4,2018
21019,2018-11-19,Mon,November,19,4,2018
21020,2018-11-20,Tue,November,20,4,2018
21021,2018-11-21,Wed,November,21,4,2018
21022,2018-11-22,Thu,November,22,4,2018
21023,2018-11-23,Fri,November,23,4,2018
21024,2018-11-24,Sat,November,24,4,2018
21025,2018-11-25,Sun,November,25,4,2018
21026,2018-11-26,Mon,November,26,4,2018
21027,2018-11-27,Tue,November,27,4,2018
21028,2018-11-28,Wed,November,28,4,2018
21029,2018-11-29,Thu,November,29,4,2018
21030,2018-11-30,Fri,November,30,4,2018
21101,2018-12-01,Sat,December,1,4,2018
21102,2018-12-02,Sun,December,2,4,2018
21103,2018-12-03,Mon,December,3,4,2018
21104,2018-12-04,Tue,December,4,4,2018
21105,2018-12-05,Wed,December,5,4,2018
21106,2018-12-06,Thu,December,6,4,2018
21107,2018-12-07,Fri,December,7,4,2018
21108,2018-12-08,Sat,December,8,4,2018
21109,2018-12-09,Sun,December,9,4,2018
21110,2018-12-10,Mon,December,10,4,2018
21111,2018-12-11,Tue,December,11,4,2018
21112,2018-12-12,Wed,December,12,4,2018
21113,2018-12-13,Thu,December,13,4,2018
21114,2018-12-14,Fri,December,14,4,2018
21115,2018-12-15,Sat,December,15,4,2018
21116,2018-12-16,Sun,December,16,4,2018
21117,2018-12-17,Mon,December,17,4,2018
21118,2018-12-18,Tue,December,18,4,2018
21119,2018-12-19,Wed,December,19,4,2018
21120,2018-12-20,Thu,December,20,4,2018
21121,2018-12-21,Fri,December,21,4,2018
21122,2018-12-22,Sat,December,22,4,2018
21123,2018-12-23,Sun,December,23,4,2018
21124,2018-12-24,Mon,December,24,4,2018
21125,2018-12-25,Tue,December,25,4,2018
21126,2018-12-26,Wed,December,26,4,2018
21127,2018-12-27,Thu,December,27,4,2018
21128,2018-12-28,Fri,December,28,4,2018
21129,2018-12-29,Sat,December,29,4,2018
21130,2018-12-30,Sun,December,30,4,2018
21131,2018-12-31,Mon,December,31,4,2018
30001,2019-01-01,Tue,January,1,1,2019
30002,2019-01-02,Wed,January,2,1,2019
30003,2019-01-03,Thu,January,3,1,2019
30004,2019-01-04,Fri,January,4,1,2019
30005,2019-01-05,Sat,January,5,1,2019
30006,2019-01-06,Sun,January,6,1,2019
30007,2019-01-07,Mon,January,7,1,2019
30008,2019-01-08,Tue,January,8,1,2019
30009,2019-01-09,Wed,January,9,1,2019
30010,2019-01-10,Thu,January,10,1,2019
30011,2019-01-11,Fri,January,11,1,2019
30012,2019-01-12,Sat,January,12,1,2019
30013,2019-01-13,Sun,January,13,1,2019
30014,2019-01-14,Mon,January,14,1,2019
30015,2019-01-15,Tue,January,15,1,2019
30016,2019-01-16,Wed,January,16,1,2019
30017,2019-01-17,Thu,January,17,1,2019
30018,2019-01-18,Fri,January,18,1,2019
30019,2019-01-19,Sat,January,19,1,2019
30020,2019-01-20,Sun,January,20,1,2019
30021,2019-01-21,Mon,January,21,1,2019
30022,2019-01-22,Tue,January,22,1,2019
30023,2019-01-23,Wed,January,23,1,2019
30024,2019-01-24,Thu,January,24,1,2019
30025,2019-01-25,Fri,January,25,1,2019
30026,2019-01-26,Sat,January,26,1,2019
30027,2019-01-27,Sun,January,27,1,2019
30028,2019-01-28,Mon,January,28,1,2019
30029,2019-01-29,Tue,January,29,1,2019
30030,2019-01-30,Wed,January,30,1,2019
30031,2019-01-31,Thu,January,31,1,2019
30101,2019-02-01,Fri,February,1,1,2019
30102,2019-02-02,Sat,February,2,1,2019
30103,2019-02-03,Sun,February,3,1,2019
30104,2019-02-04,Mon,February,4,1,2019
30105,2019-02-05,Tue,February,5,1,2019
30106,2019-02-06,Wed,February,6,1,2019
30107,2019-02-07,Thu,February,7,1,2019
30108,2019-02-08,Fri,February,8,1,2019
30109,2019-02-09,Sat,February,9,1,2019
30110,2019-02-10,Sun,February,10,1,2019
30111,2019-02-11,Mon,February,11,1,2019
30112,2019-02-12,Tue,February,12,1,2019
30113,2019-02-13,Wed,February,13,1,2019
30114,2019-02-14,Thu,February,14,1,2019
30115,2019-02-15,Fri,February,15,1,2019
30116,2019-02-16,Sat,February,16,1,2019
30117,2019-02-17,Sun,February,17,1,2019
30118,2019-02-18,Mon,February,18,1,2019
30119,2019-02-19,Tue,February,19,1,2019
30120,2019-02-20,Wed,February,20,1,2019
30121,2019-02-21,Thu,February,21,1,2019
30122,2019-02-22,Fri,February,22,1,2019
30123,2019-02-23,Sat,February,23,1,2019
30124,2019-02-24,Sun,February,24,1,2019
30125,2019-02-25,Mon,February,25,1,2019
30126,2019-02-26,Tue,February,26,1,2019
30127,2019-02-27,Wed,February,27,1,2019
30128,2019-02-28,Thu,February,28,1,2019
30201,2019-03-01,Fri,March,1,1,2019
30202,2019-03-02,Sat,March,2,1,2019
30203,2019-03-03,Sun,March,3,1,2019
30204,2019-03-04,Mon,March,4,1,2019
30205,2019-03-05,Tue,March,5,1,2019
30206,2019-03-06,Wed,March,6,1,2019
30207,2019-03-07,Thu,March,7,1,2019
30208,2019-03-08,Fri,March,8,1,2019
30209,2019-03-09,Sat,March,9,1,2019
30210,2019-03-10,Sun,March,10,1,2019
30211,2019-03-11,Mon,March,11,1,2019
30212,2019-03-12,Tue,March,12,1,2019
30213,2019-03-13,Wed,March,13,1,2019
30214,2019-03-14,Thu,March,14,1,2019
30215,2019-03-15,Fri,March,15,1,2019
30216,2019-03-16,Sat,March,16,1,2019
30217,2019-03-17,Sun,March,17,1,2019
30218,2019-03-18,Mon,March,18,1,2019
30219,2019-03-19,Tue,March,19,1,2019
30220,2019-03-20,Wed,March,20,1,2019
30221,2019-03-21,Thu,March,21,1,2019
30222,2019-03-22,Fri,March,22,1,2019
30223,2019-03-23,Sat,March,23,1,2019
30224,2019-03-24,Sun,March,24,1,2019
30225,2019-03-25,Mon,March,25,1,2019
30226,2019-03-26,Tue,March,26,1,2019
30227,2019-03-27,Wed,March,27,1,2019
30228,2019-03-28,Thu,March,28,1,2019
30229,2019-03-29,Fri,March,29,1,2019
30230,2019-03-30,Sat,March,30,1,2019
30231,2019-03-31,Sun,March,31,1,2019
30301,2019-04-01,Mon,April,1,2,2019
30302,2019-04-02,Tue,April,2,2,2019
30303,2019-04-03,Wed,April,3,2,2019
30304,2019-04-04,Thu,April,4,2,2019
30305,2019-04-05,Fri,April,5,2,2019
30306,2019-04-06,Sat,April,6,2,2019
30307,2019-04-07,Sun,April,7,2,2019
30308,2019-04-08,Mon,April,8,2,2019
30309,2019-04-09,Tue,April,9,2,2019
30310,2019-04-10,Wed,April,10,2,2019
30311,2019-04-11,Thu,April,11,2,2019
30312,2019-04-12,Fri,April,12,2,2019
30313,2019-04-13,Sat,April,13,2,2019
30314,2019-04-14,Sun,April,14,2,2019
30315,2019-04-15,Mon,April,15,2,2019
30316,2019-04-16,Tue,April,16,2,2019
30317,2019-04-17,Wed,April,17,2,2019
30318,2019-04-18,Thu,April,18,2,2019
30319,2019-04-19,Fri,April,19,2,2019
30320,2019-04-20,Sat,April,20,2,2019
30321,2019-04-21,Sun,April,21,2,2019
30322,2019-04-22,Mon,April,22,2,2019
30323,2019-04-23,Tue,April,23,2,2019
30324,2019-04-24,Wed,April,24,2,2019
30325,2019-04-25,Thu,April,25,2,2019
30326,2019-04-26,Fri,April,26,2,2019
30327,2019-04-27,Sat,April,27,2,2019
30328,2019-04-28,Sun,April,28,2,2019
30329,2019-04-29,Mon,April,29,2,2019
30330,2019-04-30,Tue,April,30,2,2019
30401,2019-05-01,Wed,May,1,2,2019
30402,2019-05-02,Thu,May,2,2,2019
30403,2019-05-03,Fri,May,3,2,2019
30404,2019-05-04,Sat,May,4,2,2019
30405,2019-05-05,Sun,May,5,2,2019
30406,2019-05-06,Mon,May,6,2,2019
30407,2019-05-07,Tue,May,7,2,2019
30408,2019-05-08,Wed,May,8,2,2019
30409,2019-05-09,Thu,May,9,2,2019
30410,2019-05-10,Fri,May,10,2,2019
30411,2019-05-11,Sat,May,11,2,2019
30412,2019-05-12,Sun,May,12,2,2019
30413,2019-05-13,Mon,May,13,2,2019
30414,2019-05-14,Tue,May,14,2,2019
30415,2019-05-15,Wed,May,15,2,2019
30416,2019-05-16,Thu,May,16,2,2019
30417,2019-05-17,Fri,May,17,2,2019
30418,2019-05-18,Sat,May,18,2,2019
30419,2019-05-19,Sun,May,19,2,2019
30420,2019-05-20,Mon,May,20,2,2019
30421,2019-05-21,Tue,May,21,2,2019
30422,2019-05-22,Wed,May,22,2,2019
30423,2019-05-23,Thu,May,23,2,2019
30424,2019-05-24,Fri,May,24,2,2019
30425,2019-05-25,Sat,May,25,2,2019
30426,2019-05-26,Sun,May,26,2,2019
30427,2019-05-27,Mon,May,27,2,2019
30428,2019-05-28,Tue,May,28,2,2019
30429,2019-05-29,Wed,May,29,2,2019
30430,2019-05-30,Thu,May,30,2,2019
30431,2019-05-31,Fri,May,31,2,2019
30501,2019-06-01,Sat,June,1,2,2019
30502,2019-06-02,Sun,June,2,2,2019
30503,2019-06-03,Mon,June,3,2,2019
30504,2019-06-04,Tue,June,4,2,2019
30505,2019-06-05,Wed,June,5,2,2019
30506,2019-06-06,Thu,June,6,2,2019
30507,2019-06-07,Fri,June,7,2,2019
30508,2019-06-08,Sat,June,8,2,2019
30509,2019-06-09,Sun,June,9,2,2019
30510,2019-06-10,Mon,June,10,2,2019
30511,2019-06-11,Tue,June,11,2,2019
30512,2019-06-12,Wed,June,12,2,2019
30513,2019-06-13,Thu,June,13,2,2019
30514,2019-06-14,Fri,June,14,2,2019
30515,2019-06-15,Sat,June,15,2,2019
30516,2019-06-16,Sun,June,16,2,2019
30517,2019-06-17,Mon,June,17,2,2019
30518,2019-06-18,Tue,June,18,2,2019
30519,2019-06-19,Wed,June,19,2,2019
30520,2019-06-20,Thu,June,20,2,2019
30521,2019-06-21,Fri,June,21,2,2019
30522,2019-06-22,Sat,June,22,2,2019
30523,2019-06-23,Sun,June,23,2,2019
30524,2019-06-24,Mon,June,24,2,2019
30525,2019-06-25,Tue,June,25,2,2019
30526,2019-06-26,Wed,June,26,2,2019
30527,2019-06-27,Thu,June,27,2,2019
30528,2019-06-28,Fri,June,28,2,2019
30529,2019-06-29,Sat,June,29,2,2019
30530,2019-06-30,Sun,June,30,2,2019
30601,2019-07-01,Mon,July,1,3,2019
30602,2019-07-02,Tue,July,2,3,2019
30603,2019-07-03,Wed,July,3,3,2019
30604,2019-07-04,Thu,July,4,3,2019
30605,2019-07-05,Fri,July,5,3,2019
30606,2019-07-06,Sat,July,6,3,2019
30607,2019-07-07,Sun,July,7,3,2019
30608,2019-07-08,Mon,July,8,3,2019
30609,2019-07-09,Tue,July,9,3,2019
30610,2019-07-10,Wed,July,10,3,2019
30611,2019-07-11,Thu,July,11,3,2019
30612,2019-07-12,Fri,July,12,3,2019
30613,2019-07-13,Sat,July,13,3,2019
30614,2019-07-14,Sun,July,14,3,2019
30615,2019-07-15,Mon,July,15,3,2019
30616,2019-07-16,Tue,July,16,3,2019
30617,2019-07-17,Wed,July,17,3,2019
30618,2019-07-18,Thu,July,18,3,2019
30619,2019-07-19,Fri,July,19,3,2019
30620,2019-07-20,Sat,July,20,3,2019
30621,2019-07-21,Sun,July,21,3,2019
30622,2019-07-22,Mon,July,22,3,2019
30623,2019-07-23,Tue,July,23,3,2019
30624,2019-07-24,Wed,July,24,3,2019
30625,2019-07-25,Thu,July,25,3,2019
30626,2019-07-26,Fri,July,26,3,2019
30627,2019-07-27,Sat,July,27,3,2019
30628,2019-07-28,Sun,July,28,3,2019
30629,2019-07-29,Mon,July,29,3,2019
30630,2019-07-30,Tue,July,30,3,2019
30631,2019-07-31,Wed,July,31,3,2019
30701,2019-08-01,Thu,August,1,3,2019
30702,2019-08-02,Fri,August,2,3,2019
30703,2019-08-03,Sat,August,3,3,2019
30704,2019-08-04,Sun,August,4,3,2019
30705,2019-08-05,Mon,August,5,3,2019
30706,2019-08-06,Tue,August,6,3,2019
30707,2019-08-07,Wed,August,7,3,2019
30708,2019-08-08,Thu,August,8,3,2019
30709,2019-08-09,Fri,August,9,3,2019
30710,2019-08-10,Sat,August,10,3,2019
30711,2019-08-11,Sun,August,11,3,2019
30712,2019-08-12,Mon,August,12,3,2019
30713,2019-08-13,Tue,August,13,3,2019
30714,2019-08-14,Wed,August,14,3,2019
30715,2019-08-15,Thu,August,15,3,2019
30716,2019-08-16,Fri,August,16,3,2019
30717,2019-08-17,Sat,August,17,3,2019
30718,2019-08-18,Sun,August,18,3,2019
30719,2019-08-19,Mon,August,19,3,2019
30720,2019-08-20,Tue,August,20,3,2019
30721,2019-08-21,Wed,August,21,3,2019
30722,2019-08-22,Thu,August,22,3,2019
30723,2019-08-23,Fri,August,23,3,2019
30724,2019-08-24,Sat,August,24,3,2019
30725,2019-08-25,Sun,August,25,3,2019
30726,2019-08-26,Mon,August,26,3,2019
30727,2019-08-27,Tue,August,27,3,2019
30728,2019-08-28,Wed,August,28,3,2019
30729,2019-08-29,Thu,August,29,3,2019
30730,2019-08-30,Fri,August,30,3,2019
30731,2019-08-31,Sat,August,31,3,2019
30801,2019-09-01,Sun,September,1,3,2019
30802,2019-09-02,Mon,September,2,3,2019
30803,2019-09-03,Tue,September,3,3,2019
30804,2019-09-04,Wed,September,4,3,2019
30805,2019-09-05,Thu,September,5,3,2019
30806,2019-09-06,Fri,September,6,3,2019
30807,2019-09-07,Sat,September,7,3,2019
30808,2019-09-08,Sun,September,8,3,2019
30809,2019-09-09,Mon,September,9,3,2019
30810,2019-09-10,Tue,September,10,3,2019
30811,2019-09-11,Wed,September,11,3,2019
30812,2019-09-12,Thu,September,12,3,2019
30813,2019-09-13,Fri,September,13,3,2019
30814,2019-09-14,Sat,September,14,3,2019
30815,2019-09-15,Sun,September,15,3,2019
30816,2019-09-16,Mon,September,16,3,2019
30817,2019-09-17,Tue,September,17,3,2019
30818,2019-09-18,Wed,September,18,3,2019
30819,2019-09-19,Thu,September,19,3,2019
30820,2019-09-20,Fri,September,20,3,2019
30821,2019-09-21,Sat,September,21,3,2019
30822,2019-09-22,Sun,September,22,3,2019
30823,2019-09-23,Mon,September,23,3,2019
30824,2019-09-24,Tue,September,24,3,2019
30825,2019-09-25,Wed,September,25,3,2019
30826,2019-09-26,Thu,September,26,3,2019
30827,2019-09-27,Fri,September,27,3,2019
30828,2019-09-28,Sat,September,28,3,2019
30829,2019-09-29,Sun,September,29,3,2019
30830,2019-09-30,Mon,September,30,3,2019
30901,2019-10-01,Tue,October,1,4,2019
30902,2019-10-02,Wed,October,2,4,2019
30903,2019-10-03,Thu,October,3,4,2019
30904,2019-10-04,Fri,October,4,4,2019
30905,2019-10-05,Sat,October,5,4,2019
30906,2019-10-06,Sun,October,6,4,2019
30907,2019-10-07,Mon,October,7,4,2019
30908,2019-10-08,Tue,October,8,4,2019
30909,2019-10-09,Wed,October,9,4,2019
30910,2019-10-10,Thu,October,10,4,2019
30911,2019-10-11,Fri,October,11,4,2019
30912,2019-10-12,Sat,October,12,4,2019
30913,2019-10-13,Sun,October,13,4,2019
30914,2019-10-14,Mon,October,14,4,2019
30915,2019-10-15,Tue,October,15,4,2019
30916,2019-10-16,Wed,October,16,4,2019
30917,2019-10-17,Thu,October,17,4,2019
30918,2019-10-18,Fri,October,18,4,2019
30919,2019-10-19,Sat,October,19,4,2019
30920,2019-10-20,Sun,October,20,4,2019
30921,2019-10-21,Mon,October,21,4,2019
30922,2019-10-22,Tue,October,22,4,2019
30923,2019-10-23,Wed,October,23,4,2019
30924,2019-10-24,Thu,October,24,4,2019
30925,2019-10-25,Fri,October,25,4,2019
30926,2019-10-26,Sat,October,26,4,2019
30927,2019-10-27,Sun,October,27,4,2019
30928,2019-10-28,Mon,October,28,4,2019
30929,2019-10-29,Tue,October,29,4,2019
30930,2019-10-30,Wed,October,30,4,2019
30931,2019-10-31,Thu,October,31,4,2019
31001,2019-11-01,Fri,November,1,4,2019
31002,2019-11-02,Sat,November,2,4,2019
31003,2019-11-03,Sun,November,3,4,2019
31004,2019-11-04,Mon,November,4,4,2019
31005,2019-11-05,Tue,November,5,4,2019
31006,2019-11-06,Wed,November,6,4,2019
31007,2019-11-07,Thu,November,7,4,2019
31008,2019-11-08,Fri,November,8,4,2019
31009,2019-11-09,Sat,November,9,4,2019
31010,2019-11-10,Sun,November,10,4,2019
31011,2019-11-11,Mon,November,11,4,2019
31012,2019-11-12,Tue,November,12,4,2019
31013,2019-11-13,Wed,November,13,4,2019
31014,2019-11-14,Thu,November,14,4,2019
31015,2019-11-15,Fri,November,15,4,2019
31016,2019-11-16,Sat,November,16,4,2019
31017,2019-11-17,Sun,November,17,4,2019
31018,2019-11-18,Mon,November,18,4,2019
31019,2019-11-19,Tue,November,19,4,2019
31020,2019-11-20,Wed,November,20,4,2019
31021,2019-11-21,Thu,November,21,4,2019
31022,2019-11-22,Fri,November,22,4,2019
31023,2019-11-23,Sat,November,23,4,2019
31024,2019-11-24,Sun,November,24,4,2019
31025,2019-11-25,Mon,November,25,4,2019
31026,2019-11-26,Tue,November,26,4,2019
31027,2019-11-27,Wed,November,27,4,2019
31028,2019-11-28,Thu,November,28,4,2019
31029,2019-11-29,Fri,November,29,4,2019
31030,2019-11-30,Sat,November,30,4,2019
31101,2019-12-01,Sun,December,1,4,2019
31102,2019-12-02,Mon,December,2,4,2019
31103,2019-12-03,Tue,December,3,4,2019
31104,2019-12-04,Wed,December,4,4,2019
31105,2019-12-05,Thu,December,5,4,2019
31106,2019-12-06,Fri,December,6,4,2019
31107,2019-12-07,Sat,December,7,4,2019
31108,2019-12-08,Sun,December,8,4,2019
31109,2019-12-09,Mon,December,9,4,2019
31110,2019-12-10,Tue,December,10,4,2019
31111,2019-12-11,Wed,December,11,4,2019
31112,2019-12-12,Thu,December,12,4,2019
31113,2019-12-13,Fri,December,13,4,2019
31114,2019-12-14,Sat,December,14,4,2019
31115,2019-12-15,Sun,December,15,4,2019
31116,2019-12-16,Mon,December,16,4,2019
31117,2019-12-17,Tue,December,17,4,2019
31118,2019-12-18,Wed,December,18,4,2019
31119,2019-12-19,Thu,December,19,4,2019
31120,2019-12-20,Fri,December,20,4,2019
31121,2019-12-21,Sat,December,21,4,2019
31122,2019-12-22,Sun,December,22,4,2019
31123,2019-12-23,Mon,December,23,4,2019
31124,2019-12-24,Tue,December,24,4,2019
31125,2019-12-25,Wed,December,25,4,2019
31126,2019-12-26,Thu,December,26,4,2019
31127,2019-12-27,Fri,December,27,4,2019
31128,2019-12-28,Sat,December,28,4,2019
31129,2019-12-29,Sun,December,29,4,2019
31130,2019-12-30,Mon,December,30,4,2019
31131,2019-12-31,Tue,December,31,4,2019
40001,2020-01-01,Wed,January,1,1,2020
40002,2020-01-02,Thu,January,2,1,2020
40003,2020-01-03,Fri,January,3,1,2020
40004,2020-01-04,Sat,January,4,1,2020
40005,2020-01-05,Sun,January,5,1,2020
40006,2020-01-06,Mon,January,6,1,2020
40007,2020-01-07,Tue,January,7,1,2020
40008,2020-01-08,Wed,January,8,1,2020
40009,2020-01-09,Thu,January,9,1,2020
40010,2020-01-10,Fri,January,10,1,2020
40011,2020-01-11,Sat,January,11,1,2020
40012,2020-01-12,Sun,January,12,1,2020
40013,2020-01-13,Mon,January,13,1,2020
40014,2020-01-14,Tue,January,14,1,2020
40015,2020-01-15,Wed,January,15,1,2020
40016,2020-01-16,Thu,January,16,1,2020
40017,2020-01-17,Fri,January,17,1,2020
40018,2020-01-18,Sat,January,18,1,2020
40019,2020-01-19,Sun,January,19,1,2020
40020,2020-01-20,Mon,January,20,1,2020
40021,2020-01-21,Tue,January,21,1,2020
40022,2020-01-22,Wed,January,22,1,2020
40023,2020-01-23,Thu,January,23,1,2020
40024,2020-01-24,Fri,January,24,1,2020
40025,2020-01-25,Sat,January,25,1,2020
40026,2020-01-26,Sun,January,26,1,2020
40027,2020-01-27,Mon,January,27,1,2020
40028,2020-01-28,Tue,January,28,1,2020
40029,2020-01-29,Wed,January,29,1,2020
40030,2020-01-30,Thu,January,30,1,2020
40031,2020-01-31,Fri,January,31,1,2020
40101,2020-02-01,Sat,February,1,1,2020
40102,2020-02-02,Sun,February,2,1,2020
40103,2020-02-03,Mon,February,3,1,2020
40104,2020-02-04,Tue,February,4,1,2020
40105,2020-02-05,Wed,February,5,1,2020
40106,2020-02-06,Thu,February,6,1,2020
40107,2020-02-07,Fri,February,7,1,2020
40108,2020-02-08,Sat,February,8,1,2020
40109,2020-02-09,Sun,February,9,1,2020
40110,2020-02-10,Mon,February,10,1,2020
40111,2020-02-11,Tue,February,11,1,2020
40112,2020-02-12,Wed,February,12,1,2020
40113,2020-02-13,Thu,February,13,1,2020
40114,2020-02-14,Fri,February,14,1,2020
40115,2020-02-15,Sat,February,15,1,2020
40116,2020-02-16,Sun,February,16,1,2020
40117,2020-02-17,Mon,February,17,1,2020
40118,2020-02-18,Tue,February,18,1,2020
40119,2020-02-19,Wed,February,19,1,2020
40120,2020-02-20,Thu,February,20,1,2020
40121,2020-02-21,Fri,February,21,1,2020
40122,2020-02-22,Sat,February,22,1,2020
40123,2020-02-23,Sun,February,23,1,2020
40124,2020-02-24,Mon,February,24,1,2020
40125,2020-02-25,Tue,February,25,1,2020
40126,2020-02-26,Wed,February,26,1,2020
40127,2020-02-27,Thu,February,27,1,2020
40128,2020-02-28,Fri,February,28,1,2020
40129,2020-02-29,Sat,February,29,1,2020
40201,2020-03-01,Sun,March,1,1,2020
40202,2020-03-02,Mon,March,2,1,2020
40203,2020-03-03,Tue,March,3,1,2020
40204,2020-03-04,Wed,March,4,1,2020
40205,2020-03-05,Thu,March,5,1,2020
40206,2020-03-06,Fri,March,6,1,2020
40207,2020-03-07,Sat,March,7,1,2020
40208,2020-03-08,Sun,March,8,1,2020
40209,2020-03-09,Mon,March,9,1,2020
40210,2020-03-10,Tue,March,10,1,2020
40211,2020-03-11,Wed,March,11,1,2020
40212,2020-03-12,Thu,March,12,1,2020
40213,2020-03-13,Fri,March,13,1,2020
40214,2020-03-14,Sat,March,14,1,2020
40215,2020-03-15,Sun,March,15,1,2020
40216,2020-03-16,Mon,March,16,1,2020
40217,2020-03-17,Tue,March,17,1,2020
40218,2020-03-18,Wed,March,18,1,2020
40219,2020-03-19,Thu,March,19,1,2020
40220,2020-03-20,Fri,March,20,1,2020
40221,2020-03-21,Sat,March,21,1,2020
40222,2020-03-22,Sun,March,22,1,2020
40223,2020-03-23,Mon,March,23,1,2020
40224,2020-03-24,Tue,March,24,1,2020
40225,2020-03-25,Wed,March,25,1,2020
40226,2020-03-26,Thu,March,26,1,2020
40227,2020-03-27,Fri,March,27,1,2020
40228,2020-03-28,Sat,March,28,1,2020
40229,2020-03-29,Sun,March,29,1,2020
40230,2020-03-30,Mon,March,30,1,2020
40231,2020-03-31,Tue,March,31,1,2020
40301,2020-04-01,Wed,April,1,2,2020
40302,2020-04-02,Thu,April,2,2,2020
40303,2020-04-03,Fri,April,3,2,2020
40304,2020-04-04,Sat,April,4,2,2020
40305,2020-04-05,Sun,April,5,2,2020
40306,2020-04-06,Mon,April,6,2,2020
40307,2020-04-07,Tue,April,7,2,2020
40308,2020-04-08,Wed,April,8,2,2020
40309,2020-04-09,Thu,April,9,2,2020
40310,2020-04-10,Fri,April,10,2,2020
40311,2020-04-11,Sat,April,11,2,2020
40312,2020-04-12,Sun,April,12,2,2020
40313,2020-04-13,Mon,April,13,2,2020
40314,2020-04-14,Tue,April,14,2,2020
40315,2020-04-15,Wed,April,15,2,2020
40316,2020-04-16,Thu,April,16,2,2020
40317,2020-04-17,Fri,April,17,2,2020
40318,2020-04-18,Sat,April,18,2,2020
40319,2020-04-19,Sun,April,19,2,2020
40320,2020-04-20,Mon,April,20,2,2020
40321,2020-04-21,Tue,April,21,2,2020
40322,2020-04-22,Wed,April,22,2,2020
40323,2020-04-23,Thu,April,23,2,2020
40324,2020-04-24,Fri,April,24,2,2020
40325,2020-04-25,Sat,April,25,2,2020
40326,2020-04-26,Sun,April,26,2,2020
40327,2020-04-27,Mon,April,27,2,2020
40328,2020-04-28,Tue,April,28,2,2020
40329,2020-04-29,Wed,April,29,2,2020
40330,2020-04-30,Thu,April,30,2,2020
40401,2020-05-01,Fri,May,1,2,2020
40402,2020-05-02,Sat,May,2,2,2020
40403,2020-05-03,Sun,May,3,2,2020
40404,2020-05-04,Mon,May,4,2,2020
40405,2020-05-05,Tue,May,5,2,2020
40406,2020-05-06,Wed,May,6,2,2020
40407,2020-05-07,Thu,May,7,2,2020
40408,2020-05-08,Fri,May,8,2,2020
40409,2020-05-09,Sat,May,9,2,2020
40410,2020-05-10,Sun,May,10,2,2020
40411,2020-05-11,Mon,May,11,2,2020
40412,2020-05-12,Tue,May,12,2,2020
40413,2020-05-13,Wed,May,13,2,2020
40414,2020-05-14,Thu,May,14,2,2020
40415,2020-05-15,Fri,May,15,2,2020
40416,2020-05-16,Sat,May,16,2,2020
40417,2020-05-17,Sun,May,17,2,2020
40418,2020-05-18,Mon,May,18,2,2020
40419,2020-05-19,Tue,May,19,2,2020
40420,2020-05-20,Wed,May,20,2,2020
40421,2020-05-21,Thu,May,21,2,2020
40422,2020-05-22,Fri,May,22,2,2020
40423,2020-05-23,Sat,May,23,2,2020
40424,2020-05-24,Sun,May,24,2,2020
40425,2020-05-25,Mon,May,25,2,2020
40426,2020-05-26,Tue,May,26,2,2020
40427,2020-05-27,Wed,May,27,2,2020
40428,2020-05-28,Thu,May,28,2,2020
40429,2020-05-29,Fri,May,29,2,2020
40430,2020-05-30,Sat,May,30,2,2020
40431,2020-05-31,Sun,May,31,2,2020
40501,2020-06-01,Mon,June,1,2,2020
40502,2020-06-02,Tue,June,2,2,2020
40503,2020-06-03,Wed,June,3,2,2020
40504,2020-06-04,Thu,June,4,2,2020
40505,2020-06-05,Fri,June,5,2,2020
40506,2020-06-06,Sat,June,6,2,2020
40507,2020-06-07,Sun,June,7,2,2020
40508,2020-06-08,Mon,June,8,2,2020
40509,2020-06-09,Tue,June,9,2,2020
40510,2020-06-10,Wed,June,10,2,2020
40511,2020-06-11,Thu,June,11,2,2020
40512,2020-06-12,Fri,June,12,2,2020
40513,2020-06-13,Sat,June,13,2,2020
40514,2020-06-14,Sun,June,14,2,2020
40515,2020-06-15,Mon,June,15,2,2020
40516,2020-06-16,Tue,June,16,2,2020
40517,2020-06-17,Wed,June,17,2,2020
40518,2020-06-18,Thu,June,18,2,2020
40519,2020-06-19,Fri,June,19,2,2020
40520,2020-06-20,Sat,June,20,2,2020
40521,2020-06-21,Sun,June,21,2,2020
40522,2020-06-22,Mon,June,22,2,2020
40523,2020-06-23,Tue,June,23,2,2020
40524,2020-06-24,Wed,June,24,2,2020
40525,2020-06-25,Thu,June,25,2,2020
40526,2020-06-26,Fri,June,26,2,2020
40527,2020-06-27,Sat,June,27,2,2020
40528,2020-06-28,Sun,June,28,2,2020
40529,2020-06-29,Mon,June,29,2,2020
40530,2020-06-30,Tue,June,30,2,2020
40601,2020-07-01,Wed,July,1,3,2020
40602,2020-07-02,Thu,July,2,3,2020
40603,2020-07-03,Fri,July,3,3,2020
40604,2020-07-04,Sat,July,4,3,2020
40605,2020-07-05,Sun,July,5,3,2020
40606,2020-07-06,Mon,July,6,3,2020
40607,2020-07-07,Tue,July,7,3,2020
40608,2020-07-08,Wed,July,8,3,2020
40609,2020-07-09,Thu,July,9,3,2020
40610,2020-07-10,Fri,July,10,3,2020
40611,2020-07-11,Sat,July,11,3,2020
40612,2020-07-12,Sun,July,12,3,2020
40613,2020-07-13,Mon,July,13,3,2020
40614,2020-07-14,Tue,July,14,3,2020
40615,2020-07-15,Wed,July,15,3,2020
40616,2020-07-16,Thu,July,16,3,2020
40617,2020-07-17,Fri,July,17,3,2020
40618,2020-07-18,Sat,July,18,3,2020
40619,2020-07-19,Sun,July,19,3,2020
40620,2020-07-20,Mon,July,20,3,2020
40621,2020-07-21,Tue,July,21,3,2020
40622,2020-07-22,Wed,July,22,3,2020
40623,2020-07-23,Thu,July,23,3,2020
40624,2020-07-24,Fri,July,24,3,2020
40625,2020-07-25,Sat,July,25,3,2020
40626,2020-07-26,Sun,July,26,3,2020
40627,2020-07-27,Mon,July,27,3,2020
40628,2020-07-28,Tue,July,28,3,2020
40629,2020-07-29,Wed,July,29,3,2020
40630,2020-07-30,Thu,July,30,3,2020
40631,2020-07-31,Fri,July,31,3,2020
40701,2020-08-01,Sat,August,1,3,2020
40702,2020-08-02,Sun,August,2,3,2020
40703,2020-08-03,Mon,August,3,3,2020
40704,2020-08-04,Tue,August,4,3,2020
40705,2020-08-05,Wed,August,5,3,2020
40706,2020-08-06,Thu,August,6,3,2020
40707,2020-08-07,Fri,August,7,3,2020
40708,2020-08-08,Sat,August,8,3,2020
40709,2020-08-09,Sun,August,9,3,2020
40710,2020-08-10,Mon,August,10,3,2020
40711,2020-08-11,Tue,August,11,3,2020
40712,2020-08-12,Wed,August,12,3,2020
40713,2020-08-13,Thu,August,13,3,2020
40714,2020-08-14,Fri,August,14,3,2020
40715,2020-08-15,Sat,August,15,3,2020
40716,2020-08-16,Sun,August,16,3,2020
40717,2020-08-17,Mon,August,17,3,2020
40718,2020-08-18,Tue,August,18,3,2020
40719,2020-08-19,Wed,August,19,3,2020
40720,2020-08-20,Thu,August,20,3,2020
40721,2020-08-21,Fri,August,21,3,2020
40722,2020-08-22,Sat,August,22,3,2020
40723,2020-08-23,Sun,August,23,3,2020
40724,2020-08-24,Mon,August,24,3,2020
40725,2020-08-25,Tue,August,25,3,2020
40726,2020-08-26,Wed,August,26,3,2020
40727,2020-08-27,Thu,August,27,3,2020
40728,2020-08-28,Fri,August,28,3,2020
40729,2020-08-29,Sat,August,29,3,2020
40730,2020-08-30,Sun,August,30,3,2020
40731,2020-08-31,Mon,August,31,3,2020
40801,2020-09-01,Tue,September,1,3,2020
40802,2020-09-02,Wed,September,2,3,2020
40803,2020-09-03,Thu,September,3,3,2020
40804,2020-09-04,Fri,September,4,3,2020
40805,2020-09-05,Sat,September,5,3,2020
40806,2020-09-06,Sun,September,6,3,2020
40807,2020-09-07,Mon,September,7,3,2020
40808,2020-09-08,Tue,September,8,3,2020
40809,2020-09-09,Wed,September,9,3,2020
40810,2020-09-10,Thu,September,10,3,2020
40811,2020-09-11,Fri,September,11,3,2020
40812,2020-09-12,Sat,September,12,3,2020
40813,2020-09-13,Sun,September,13,3,2020
40814,2020-09-14,Mon,September,14,3,2020
40815,2020-09-15,Tue,September,15,3,2020
40816,2020-09-16,Wed,September,16,3,2020
40817,2020-09-17,Thu,September,17,3,2020
40818,2020-09-18,Fri,September,18,3,2020
40819,2020-09-19,Sat,September,19,3,2020
40820,2020-09-20,Sun,September,20,3,2020
40821,2020-09-21,Mon,September,21,3,2020
40822,2020-09-22,Tue,September,22,3,2020
40823,2020-09-23,Wed,September,23,3,2020
40824,2020-09-24,Thu,September,24,3,2020
40825,2020-09-25,Fri,September,25,3,2020
40826,2020-09-26,Sat,September,26,3,2020
40827,2020-09-27,Sun,September,27,3,2020
40828,2020-09-28,Mon,September,28,3,2020
40829,2020-09-29,Tue,September,29,3,2020
40830,2020-09-30,Wed,September,30,3,2020
40901,2020-10-01,Thu,October,1,4,2020
40902,2020-10-02,Fri,October,2,4,2020
40903,2020-10-03,Sat,October,3,4,2020
40904,2020-10-04,Sun,October,4,4,2020
40905,2020-10-05,Mon,October,5,4,2020
40906,2020-10-06,Tue,October,6,4,2020
40907,2020-10-07,Wed,October,7,4,2020
40908,2020-10-08,Thu,October,8,4,2020
40909,2020-10-09,Fri,October,9,4,2020
40910,2020-10-10,Sat,October,10,4,2020
40911,2020-10-11,Sun,October,11,4,2020
40912,2020-10-12,Mon,October,12,4,2020
40913,2020-10-13,Tue,October,13,4,2020
40914,2020-10-14,Wed,October,14,4,2020
40915,2020-10-15,Thu,October,15,4,2020
40916,2020-10-16,Fri,October,16,4,2020
40917,2020-10-17,Sat,October,17,4,2020
40918,2020-10-18,Sun,October,18,4,2020
40919,2020-10-19,Mon,October,19,4,2020
40920,2020-10-20,Tue,October,20,4,2020
40921,2020-10-21,Wed,October,21,4,2020
40922,2020-10-22,Thu,October,22,4,2020
40923,2020-10-23,Fri,October,23,4,2020
40924,2020-10-24,Sat,October,24,4,2020
40925,2020-10-25,Sun,October,25,4,2020
40926,2020-10-26,Mon,October,26,4,2020
40927,2020-10-27,Tue,October,27,4,2020
40928,2020-10-28,Wed,October,28,4,2020
40929,2020-10-29,Thu,October,29,4,2020
40930,2020-10-30,Fri,October,30,4,2020
40931,2020-10-31,Sat,October,31,4,2020
41001,2020-11-01,Sun,November,1,4,2020
41002,2020-11-02,Mon,November,2,4,2020
41003,2020-11-03,Tue,November,3,4,2020
41004,2020-11-04,Wed,November,4,4,2020
41005,2020-11-05,Thu,November,5,4,2020
41006,2020-11-06,Fri,November,6,4,2020
41007,2020-11-07,Sat,November,7,4,2020
41008,2020-11-08,Sun,November,8,4,2020
41009,2020-11-09,Mon,November,9,4,2020
41010,2020-11-10,Tue,November,10,4,2020
41011,2020-11-11,Wed,November,11,4,2020
41012,2020-11-12,Thu,November,12,4,2020
41013,2020-11-13,Fri,November,13,4,2020
41014,2020-11-14,Sat,November,14,4,2020
41015,2020-11-15,Sun,November,15,4,2020
41016,2020-11-16,Mon,November,16,4,2020
41017,2020-11-17,Tue,November,17,4,2020
41018,2020-11-18,Wed,November,18,4,2020
41019,2020-11-19,Thu,November,19,4,2020
41020,2020-11-20,Fri,November,20,4,2020
41021,2020-11-21,Sat,November,21,4,2020
41022,2020-11-22,Sun,November,22,4,2020
41023,2020-11-23,Mon,November,23,4,2020
41024,2020-11-24,Tue,November,24,4,2020
41025,2020-11-25,Wed,November,25,4,2020
41026,2020-11-26,Thu,November,26,4,2020
41027,2020-11-27,Fri,November,27,4,2020
41028,2020-11-28,Sat,November,28,4,2020
41029,2020-11-29,Sun,November,29,4,2020
41030,2020-11-30,Mon,November,30,4,2020
41101,2020-12-01,Tue,December,1,4,2020
41102,2020-12-02,Wed,December,2,4,2020
41103,2020-12-03,Thu,December,3,4,2020
41104,2020-12-04,Fri,December,4,4,2020
41105,2020-12-05,Sat,December,5,4,2020
41106,2020-12-06,Sun,December,6,4,2020
41107,2020-12-07,Mon,December,7,4,2020
41108,2020-12-08,Tue,December,8,4,2020
41109,2020-12-09,Wed,December,9,4,2020
41110,2020-12-10,Thu,December,10,4,2020
41111,2020-12-11,Fri,December,11,4,2020
41112,2020-12-12,Sat,December,12,4,2020
41113,2020-12-13,Sun,December,13,4,2020
41114,2020-12-14,Mon,December,14,4,2020
41115,2020-12-15,Tue,December,15,4,2020
41116,2020-12-16,Wed,December,16,4,2020
41117,2020-12-17,Thu,December,17,4,2020
41118,2020-12-18,Fri,December,18,4,2020
41119,2020-12-19,Sat,December,19,4,2020
41120,2020-12-20,Sun,December,20,4,2020
41121,2020-12-21,Mon,December,21,4,2020
41122,2020-12-22,Tue,December,22,4,2020
41123,2020-12-23,Wed,December,23,4,2020
41124,2020-12-24,Thu,December,24,4,2020
41125,2020-12-25,Fri,December,25,4,2020
41126,2020-12-26,Sat,December,26,4,2020
41127,2020-12-27,Sun,December,27,4,2020
41128,2020-12-28,Mon,December,28,4,2020
41129,2020-12-29,Tue,December,29,4,2020
41130,2020-12-30,Wed,December,30,4,2020
41131,2020-12-31,Thu,December,31,4,2020
